零件,编号,单模块不含底座,整机,已计库存,扣除后补充
5 孔薄梁（两端十字孔）,11478,2,8,0,8
60 齿转盘 上半,18938,1,4,2,2
60 齿转盘 下半,18939,1,4,2,2
11 号轴,23948,1,4,0,4
3号带止挡轴,24316,2,8,0,8
摩擦销 (2 孔长),2780,45,236,80,156
"角度连接器 1 号 (一头十字孔, 一头横圆孔)",32013,1,4,0,4
5 孔薄梁（全圆孔）,32017,6,24,0,24
"带挡套长销 (3 孔长, 红色)",32054,4,16,12,4
3x3 L 形薄梁（端孔及弯角十字孔）,32056,8,32,0,32
2 号轴,32062,8,32,0,32
5 号轴,32073,1,4,0,4
半轴套,32123a,40,160,0,160
2x4 L 形粗梁,32140,4,16,0,16
15 孔粗梁,32278,2,16,6,10
5 孔粗梁,32316,4,16,8,8
4 孔薄梁（两端十字孔）,32449,6,24,0,24
3 孔粗梁,32523,3,12,10,2
7 孔粗梁,32524,8,32,6,26
11 孔粗梁,32525,3,16,6,10
3x5 L 形粗梁,32526,4,16,10,6
24 齿直齿轮,3648b,1,4,0,4
8 号轴,3707,4,16,0,16
轴套,3713,14,56,0,56
"轴销 (半销半轴, 米色)",3749,4,16,0,16
15x11 大框 (45680 套装),39790,0,4,4,0
9 孔粗梁,40490,2,8,8,0
2 孔细梁 (两端十字孔),41677,5,20,0,20
42610 轮毂（11×8mm）,42610,2,8,4,4
2 孔粗梁,43857,4,16,0,16
7 号轴,44294,1,4,0,4
3 号轴,4519,8,32,0,32
50945 橡胶胎（名义 14×6mm）,50945,2,8,4,4
90° 弯角销连接器 3x3 (带 4 个销),55615,2,12,0,12
"轴连接器 (光面, 两头十字孔)",59443,1,4,0,4
7x5 框架,64179,5,24,8,16
十字块 1x2 (十字孔 + 圆孔),6536,1,4,0,4
长摩擦销 (3 孔长),6558,21,88,36,52
3 孔薄梁（两端十字孔）,6632,2,8,0,8
4号带止挡轴,87083,4,16,0,16
EV3 大马达,95658,1,4,2,2
"Geekservo 舵机 (灰色, 270°)",geekservo,1,4,0,4
